{
    "response":{
        "leftitems":{
            "title" : "VIEW TWEET",
            "tweet": "Roses are red!!",
            "subtitle": "Wanna comment?",
            "likes": "LIKES : ",
            "time": "POSTED AT : ",
            "message": "",
            "posted": "POSTED BY : "
        },
        "rightitems":{
            "props":[
                {
                    "id": "othercomments",
                    "type": "textarea",
                    "placeholder": "Enter your comments :)"
                },
                {
                    "id": "otherlike",
                    "value": "LIKE",
                    "cs": "btn btn-outline-secondary",
                    "type": "button"
                },
                {
                    "id": "othersubmit",
                    "value": "SUBMIT RESPONSE",
                    "cs": "btn btn-outline-success",
                    "type": "button"
                }
            ]
        }
    }
}