{
    "response":{
        "leftitems":{
            "title" : "POST A TWEET",
            "tweet": "",
            "subtitle": "Wanna say something!!!"
        },
        "rightitems":{
            "props":[
                {
                    "id": "tweet",
                    "placeholder": "Enter tweet message",
                    "type": "textarea"
                },
                {
                    "id": "hashtags",
                    "placeholder": "Enter hashtags",
                    "length": 12,
                    "type": "X-input"
                },
                {
                    "id": "submittweet",
                    "value": "POST",
                    "cs": "btn btn-outline-primary",
                    "type": "button"
                }
            ]
        }
    }
}